<TextFileConfiguration>
        <FilePath>src/es/ucm/fdi/ici/c1920/practica4/grupo01/data/GhostsData.txt</FilePath>
        <Delimiters>,</Delimiters>
        <DescriptionClassName>es.ucm.fdi.ici.c1920.practica4.grupo01.GhostsDescription</DescriptionClassName>
        <DescriptionMappings>
                <Map>type</Map>
                <Map>name</Map>
                <Map>nodeMsPacMan</Map>
                <Map>msPacManLastMove</Map>
                <Map>nodeGhost1</Map>
                <Map>nodeGhost2</Map>
                <Map>nodeGhost3</Map>
                <Map>nodeGhost4</Map>   
                <Map>distanceGhost1</Map>
                <Map>distanceGhost2</Map>
                <Map>distanceGhost3</Map>
                <Map>distanceGhost4</Map>   
                <Map>edibleGhost1</Map>
                <Map>edibleGhost2</Map>
                <Map>edibleGhost3</Map>
                <Map>edibleGhost4</Map>        
        </DescriptionMappings>
        <SolutionClassName>es.ucm.fdi.ici.c1920.practica4.grupo01.GhostsSolution</SolutionClassName>
        <SolutionMappings>
                <Map>type</Map>
                <Map>moveMade</Map>
        </SolutionMappings>
        <JustificationOfSolutionClassName>es.ucm.fdi.ici.c1920.practica4.grupo01.GhostsJustification</JustificationOfSolutionClassName>
        <JustificationOfSolutionMappings>
                <Map>type</Map>
                <Map>msPacManTotalPoints</Map>
                <Map>msPacManDead</Map>
        </JustificationOfSolutionMappings>
		<ResultClassName>es.ucm.fdi.ici.c1920.practica4.grupo01.GhostsResult</ResultClassName>
        <ResultMappings>
                <Map>type</Map>
                <Map>evaluation</Map>
        </ResultMappings>		
 </TextFileConfiguration>