<TextFileConfiguration>
        <FilePath>src/es/ucm/fdi/ici/c1920/practica4/grupo01/data/MsPacmanData.txt</FilePath>
        <Delimiters>,</Delimiters>
        <DescriptionClassName>es.ucm.fdi.ici.c1920.practica4.grupo01.MsPacManDescription</DescriptionClassName>
        <DescriptionMappings>
                <Map>type</Map>
                <Map>msPacManNode</Map>
                <Map>msPacManLastMove</Map> 
                <Map>moveToBlinky</Map>
                <Map>moveToPinky</Map>
                <Map>moveToInky</Map>
                <Map>moveToSue</Map>
                
                <Map>blinkyDistance</Map>
                <Map>pinkyDistance</Map>
                <Map>inkyDistance</Map>
                <Map>sueDistance</Map>   
                <Map>blinkyEdible</Map>
                <Map>pinkyEdible</Map>
                <Map>inkyEdible</Map>
                <Map>sueEdible</Map>    
                <Map>closestPills1</Map>
                <Map>closestPills2</Map>
                <Map>closestPills3</Map>
                <Map>closestPills4</Map>      
        </DescriptionMappings>
        <SolutionClassName>es.ucm.fdi.ici.c1920.practica4.grupo01.MsPacManSolution</SolutionClassName>
        <SolutionMappings>
                <Map>type</Map>
                <Map>moveMade</Map>
        </SolutionMappings>
        <JustificationOfSolutionClassName>es.ucm.fdi.ici.c1920.practica4.grupo01.MsPacManJustification</JustificationOfSolutionClassName>
        <JustificationOfSolutionMappings>
                <Map>type</Map>
                <Map>achivementMade</Map>
                <Map>totalPoints</Map>
                <Map>dead</Map>
        </JustificationOfSolutionMappings>
		<ResultClassName>es.ucm.fdi.ici.c1920.practica4.grupo01.MsPacManResult</ResultClassName>
        <ResultMappings>
                <Map>type</Map>
                <Map>evaluation</Map>
        </ResultMappings>
 </TextFileConfiguration>