<TextFileConfiguration>
        <FilePath>es/ucm/fdi/ici/c1920/practica4/grupo01/data/GhostsData.txt</FilePath>
        <Delimiters>,</Delimiters>
        <DescriptionClassName>es.ucm.fdi.ici.c1920.practica4.grupo01.GhostsDescription</DescriptionClassName>
        <DescriptionMappings>
                <Map>type</Map>
                <Map>thisGhostNode</Map>
                <Map>msPacManCoorX</Map>
				<Map>msPacManCoorY</Map>
                <Map>coorXGhost1</Map>
                <Map>coorYGhost1</Map>
                <Map>coorXGhost2</Map>
                <Map>coorYGhost2</Map>
				<Map>coorXGhost3</Map>
                <Map>coorYGhost3</Map>
                <Map>coorXGhost4</Map>
                <Map>coorYGhost4</Map>
                <Map>msPacManLastMove</Map>
                <Map>lastMoveGhost1</Map>   
                <Map>lastMoveGhost2</Map>   
                <Map>lastMoveGhost3</Map>   
                <Map>lastMoveGhost4</Map>   
                <Map>distanceGhost1</Map>
                <Map>distanceGhost2</Map>
                <Map>distanceGhost3</Map>
                <Map>distanceGhost4</Map>   
                <Map>timeGhost1</Map>
                <Map>timeGhost2</Map>
                <Map>timeGhost3</Map>
                <Map>timeGhost4</Map>  
                <Map>topMove</Map>   
                <Map>leftMove</Map>  
                <Map>downMove</Map>  
                <Map>rightMove</Map>   
                <Map>closestPillsGhost1</Map>  
                <Map>closestPillsGhost2</Map>  
                <Map>closestPillsGhost3</Map>  
                <Map>closestPillsGhost4</Map>  
                <Map>closestPowerPillGhost1</Map>   
                <Map>closestPowerPillGhost2</Map>  
                <Map>closestPowerPillGhost3</Map>  
                <Map>closestPowerPillGhost4</Map>        
        </DescriptionMappings>
        <SolutionClassName>es.ucm.fdi.ici.c1920.practica4.grupo01.GhostsSolution</SolutionClassName>
        <SolutionMappings>
				<Map>type</Map>
                <Map>msPacManTotalPoints</Map>
                <Map>msPacManDead</Map>
                <Map>evaluation</Map>
                <Map>moveMade</Map>
        </SolutionMappings>
 </TextFileConfiguration>