<TextFileConfiguration>
        <FilePath>es/ucm/fdi/ici/c1920/practica4/grupo01/data/MsPacmanData.txt</FilePath>
        <Delimiters>,</Delimiters>
        <DescriptionClassName>es.ucm.fdi.ici.c1920.practica4.grupo01.MsPacManDescription</DescriptionClassName>
        <DescriptionMappings>
                <Map>type</Map>
                <Map>msPacManNode</Map>
                <Map>blinkyCoorX</Map>
                <Map>blinkyCoorY</Map>
                <Map>pinkyCoorX</Map>
                <Map>pinkyCoorY</Map>
                <Map>inkyCoorX</Map>
                <Map>inkyCoorY</Map>
                <Map>sueCoorX</Map>
		        <Map>sueCoorY</Map>
                <Map>msPacManLastMove</Map>
                <Map>blinkyLastMove</Map>   
                <Map>pinkyLastMove</Map>   
                <Map>inkyLastMove</Map>   
                <Map>sueLastMove</Map>   
                <Map>blinkyDistance</Map>
                <Map>pinkyDistance</Map>
                <Map>inkyDistance</Map>
                <Map>sueDistance</Map>   
                <Map>blinkyEdible</Map>
                <Map>pinkyEdible</Map>
                <Map>inkyEdible</Map>
                <Map>sueEdible</Map> 
                <Map>topMove</Map>   
                <Map>leftMove</Map>  
                <Map>downMove</Map>  
                <Map>rightMove</Map>    
                <Map>closestPills1</Map>  
                <Map>closestPills2</Map>  
                <Map>closestPills3</Map>  
                <Map>closestPills4</Map>  
                <Map>closestPowerPill</Map>           
        </DescriptionMappings>
        <SolutionClassName>es.ucm.fdi.ici.c1920.practica4.grupo01.MsPacManSolution</SolutionClassName>
        <SolutionMappings>
                <Map>type</Map>
                <Map>achivementMade</Map>
                <Map>totalPoints</Map>
                <Map>dead</Map>
                <Map>evaluation</Map>
                <Map>moveMade</Map>
        </SolutionMappings>
 </TextFileConfiguration>